{"scenario": "S2", "seed0": 1000, "n": 200, "summary": {"noop": {"mean": 0.0, "p10": 0.0, "n": 200}, "rules": {"mean": 0.6368, "p10": 0.2678, "n": 200}, "llm": {"mean": 0.9019, "p10": 0.854, "n": 20}}, "scores": {"noop": [0.0, 0.0, 0.0, 0.0, 0.0, 0.0, 0.0, 0.0, 0.0, 0.0, 0.0, 0.0, 0.0, 0.0, 0.0, 0.0, 0.0, 0.0, 0.0, 0.0, 0.0, 0.0, 0.0, 0.0, 0.0, 0.0, 0.0, 0.0, 0.0, 0.0, 0.0, 0.0, 0.0, 0.0, 0.0, 0.0, 0.0, 0.0, 0.0, 0.0, 0.0, 0.0, 0.0, 0.0, 0.0, 0.0, 0.0, 0.0, 0.0, 0.0, 0.0, 0.0, 0.0, 0.0, 0.0, 0.0, 0.0, 0.0, 0.0, 0.0, 0.0, 0.0, 0.0, 0.0, 0.0, 0.0, 0.0, 0.0, 0.0, 0.0, 0.0, 0.0, 0.0, 0.0, 0.0, 0.0, 0.0, 0.0, 0.0, 0.0, 0.0, 0.0, 0.0, 0.0, 0.0, 0.0, 0.0, 0.0, 0.0, 0.0, 0.0, 0.0, 0.0, 0.0, 0.0, 0.0, 0.0, 0.0, 0.0, 0.0, 0.0, 0.0, 0.0, 0.0, 0.0, 0.0, 0.0, 0.0, 0.0, 0.0, 0.0, 0.0, 0.0, 0.0, 0.0, 0.0, 0.0, 0.0, 0.0, 0.0, 0.0, 0.0, 0.0, 0.0, 0.0, 0.0, 0.0, 0.0, 0.0, 0.0, 0.0, 0.0, 0.0, 0.0, 0.0, 0.0, 0.0, 0.0, 0.0, 0.0, 0.0, 0.0, 0.0, 0.0, 0.0, 0.0, 0.0, 0.0, 0.0, 0.0, 0.0, 0.0, 0.0, 0.0, 0.0, 0.0, 0.0, 0.0, 0.0, 0.0, 0.0, 0.0, 0.0, 0.0, 0.0, 0.0, 0.0, 0.0, 0.0, 0.0, 0.0, 0.0, 0.0, 0.0, 0.0, 0.0, 0.0, 0.0, 0.0, 0.0, 0.0, 0.0, 0.0, 0.0, 0.0, 0.0, 0.0, 0.0, 0.0, 0.0, 0.0, 0.0, 0.0, 0.0, 0.0, 0.0, 0.0, 0.0, 0.0, 0.0], "rules": [0.7119906490155102, 0.6286317565974457, 0.802800276567888, 0.8628272342780058, 0.9091343609611376, 0.8998818885703684, 0.8165174473422192, 0.8996675163374634, 0.8650020153317263, 0.898381250562907, 0.8875052184846686, 0.8404126492727837, 0.8293499316252948, 0.3963039506442799, 0.7756962174440319, 0.8165497564796123, 0.8518229759089676, 0.2599284080935417, 0.6374840054184207, 0.8515961298169816, 0.6726651420172878, 0.8126646698829919, 0.9111256682653498, 0.8178631891697359, 0.8265600231883794, 0.41494568432663875, 0.8643160065745888, 0.9104531570398691, 0.40841701140185727, 0.36774357048596956, 0.849146480196707, 0.5628180691313563, 0.30298368717323865, 0.4198798284389257, 0.14750316429120686, 0.8273827109148296, 0.8294278724526787, 0.8269194932552253, 0.825234544023023, 0.35892200091494264, 0.4181847822429819, 0.31049861020871006, 0.8151516026578502, 0.8618766788128205, 0.9110293568533483, 0.35261221898355016, 0.8882281483254268, 0.6746999894866053, 0.500540038508672, 0.8403386208968189, 0.7421092955433567, 0.453613796071932, 0.8400280486189639, 0.35276437977037695, 0.9109391613966262, 0.3968556661599108, 0.22356940458532767, 0.8037329409141674, 0.8977142057385323, 0.7736161715153945, 0.141129297364579, 0.638780782145729, 0.5920682602348907, 0.20064386957235147, 0.8397702241249495, 0.15079619489293622, 0.8047478267445374, 0.2679466455341239, 0.41790750324093384, 0.21268793739084293, 0.8537059995530948, 0.8534204680835961, 0.7126835339764355, 0.829873103460129, 0.16103665613293666, 0.47103492443090866, 0.8139729735144615, 0.2184280309485215, 0.29879885732115524, 0.26678276765059666, 0.3243790416529188, 0.777645674091865, 0.5533967411986273, 0.805486415554538, 0.34045344054177096, 0.35817996177574424, 0.34576051201048136, 0.7389749376854172, 0.6679671705186111, 0.8881863819557024, 0.5489970117857343, 0.8976961765335264, 0.910005016180026, 0.5117029017739503, 0.5038140225598061, 0.7421227853186465, 0.20998411582874396, 0.7443058289842309, 0.7095931953438323, 0.899053413283394, 0.862640102418459, 0.29350017483931395, 0.6682812574074072, 0.8530184386600094, 0.8969797189455173, 0.5989531163931016, 0.47002226412406534, 0.5110556950136608, 0.7758444077555601, 0.7725412006703847, 0.7446401335074176, 0.36389272436826414, 0.6386371259455893, 0.13755321707307583, 0.8766228669264492, 0.8526924822122786, 0.2478218885358325, 0.6017100389154906, 0.8056881336716503, 0.515467829179425, 0.8405672708588703, 0.8762972716064991, 0.16986409429551402, 0.802358600173353, 0.8637098367047913, 0.15372673053389366, 0.8530549183443036, 0.413433833939361, 0.31129099979045305, 0.7459588132810931, 0.8516098406658844, 0.5877255426815737, 0.8973138280705532, 0.7779600152122068, 0.7092296654806961, 0.5118612109921944, 0.1473623293378795, 0.8766624979958211, 0.6765445936612103, 0.5925570974386876, 0.8748191170486914, 0.8639050207635146, 0.8978632138817735, 0.35359541087623764, 0.5076714513705853, 0.7719945558174145, 0.8060605016497739, 0.6406067957902588, 0.2447926216963919, 0.6417474639102216, 0.7449968838243162, 0.4515411316838113, 0.8505014282963752, 0.8648647579343592, 0.7700645116146596, 0.8054318956441904, 0.39452631874854593, 0.5167737578944172, 0.8989866901478233, 0.36435097156089874, 0.8757406607096275, 0.5143457165440443, 0.7993611076053507, 0.8416653083198682, 0.5131959296549755, 0.5565102785333099, 0.24994887732531718, 0.5527245812581636, 0.775290906946458, 0.8654514118578515, 0.8639918015572355, 0.6000543910512606, 0.3085647023696025, 0.6380687571322623, 0.7118505132780016, 0.5062993885203783, 0.3972793274254595, 0.86419319228766, 0.8980880883967378, 0.8279784485519053, 0.6788241067231927, 0.8173516834068036, 0.45846084965635436, 0.8617225912407777, 0.6029550638912297, 0.500312968874346, 0.35199291517603476, 0.35275993054209037, 0.8762514669840569, 0.3467982231433994, 0.7462931672313805, 0.8762598366131802, 0.3693012969062835, 0.8755995678085661, 0.7425342746056324, 0.2383185328299917, 0.8853410136509013, 0.6287652970972348, 0.8167582466511112, 0.16382454793161755], "llm": [0.8975882307932183, 0.885615065484693, 0.9103839369156042, 0.9336266427699851, 0.8551380290655198, 0.9487157937733848, 0.9157211063232902, 0.9302920170475787, 0.9346784854273784, 0.8892004558119104, 0.923835918761801, 0.9249343681810823, 0.9207146731241834, 0.8438585785024638, 0.9065042230788206, 0.9157361710063616, 0.9293573363792026, 0.7542035763987619, 0.888342864771696, 0.929249312157408]}}